epoch,time,train/box_loss,train/cls_loss,train/dfl_loss,metrics/precision(B),metrics/recall(B),metrics/mAP50(B),metrics/mAP50-95(B),val/box_loss,val/cls_loss,val/dfl_loss,lr/pg0,lr/pg1,lr/pg2
1,22.866,1.53405,4.60877,1.71283,0.42461,0.6597,0.43204,0.26692,1.35247,2.66647,1.5165,0.000655914,0.000655914,0.000655914
2,45.3145,1.23395,1.18274,1.45744,0.42976,0.47727,0.31514,0.18249,1.49657,2.27048,1.78643,0.00131385,0.00131385,0.00131385
3,66.7368,1.29137,1.06751,1.5129,0.04349,0.29545,0.02171,0.01165,nan,nan,nan,0.00196299,0.00196299,0.00196299
4,87.8108,1.17055,0.96856,1.41484,0.00167,0.23485,0.00043,0.00022,nan,nan,nan,0.0019604,0.0019604,0.0019604
5,108.83,1.15168,0.89732,1.39775,0.70009,0.28788,0.31029,0.19306,1.74636,2.88607,1.86463,0.0019472,0.0019472,0.0019472
6,131.572,1.13548,0.85399,1.37467,0.09238,0.17424,0.03358,0.0188,1.75914,6.15852,1.73941,0.001934,0.001934,0.001934
7,154.208,1.08392,0.78864,1.34905,0.95801,0.83333,0.90918,0.55777,1.25422,0.81922,1.3957,0.0019208,0.0019208,0.0019208
8,177.557,1.09939,0.79657,1.34127,0.90738,0.64394,0.7163,0.53149,1.06412,1.58725,1.36402,0.0019076,0.0019076,0.0019076
9,200.637,1.05922,0.75015,1.30155,0.96891,0.87879,0.91466,0.6592,0.98903,0.72315,1.20213,0.0018944,0.0018944,0.0018944
10,223.693,1.06665,0.72971,1.32251,0.93587,0.90909,0.96306,0.61531,1.12227,0.67691,1.28023,0.0018812,0.0018812,0.0018812
11,246.864,1.04273,0.71946,1.27387,0.98243,0.84703,0.89704,0.65074,0.95091,0.90917,1.15243,0.001868,0.001868,0.001868
12,270.285,1.00398,0.64297,1.27319,0.93911,0.89394,0.96371,0.62242,1.12517,0.67114,1.26951,0.0018548,0.0018548,0.0018548
13,293.784,1.02962,0.67777,1.27471,0.95649,0.87879,0.93335,0.58834,1.12653,0.79848,1.27827,0.0018416,0.0018416,0.0018416
14,317.414,0.99785,0.68878,1.25972,0.94996,0.86287,0.9403,0.65873,0.96182,0.63497,1.19552,0.0018284,0.0018284,0.0018284
15,340.013,0.96244,0.65238,1.23083,0.97373,0.87121,0.96295,0.63887,1.10751,0.62668,1.28364,0.0018152,0.0018152,0.0018152
16,363.263,0.95252,0.6304,1.20985,0.94057,0.92424,0.95596,0.63043,1.0826,0.68263,1.27401,0.001802,0.001802,0.001802
17,386.856,0.93103,0.65128,1.21553,0.96682,0.90909,0.96782,0.69068,0.95147,0.581,1.16286,0.0017888,0.0017888,0.0017888
18,408.916,0.9442,0.62361,1.19533,0.94613,0.93143,0.9691,0.68045,0.99077,0.60365,1.18092,0.0017756,0.0017756,0.0017756
19,430.683,0.90643,0.58795,1.19364,0.95689,0.92424,0.97406,0.63926,1.08959,0.54746,1.23995,0.0017624,0.0017624,0.0017624
20,453.166,0.91539,0.60181,1.19437,0.95359,0.94697,0.97365,0.66274,1.04125,0.57142,1.22167,0.0017492,0.0017492,0.0017492
21,477.184,0.92914,0.5826,1.19902,0.95267,0.91503,0.96944,0.64526,1.07521,0.60443,1.22563,0.001736,0.001736,0.001736
22,502.556,0.91153,0.60198,1.20665,0.97126,0.7681,0.85595,0.61545,1.0215,0.85032,1.23495,0.0017228,0.0017228,0.0017228
23,524.702,0.88167,0.57351,1.17448,0.93991,0.94794,0.98347,0.65295,1.06487,0.5824,1.24448,0.0017096,0.0017096,0.0017096
24,547.237,0.93204,0.57982,1.20878,0.95469,0.95766,0.98386,0.71493,0.92496,0.50285,1.15264,0.0016964,0.0016964,0.0016964
25,569.934,0.87449,0.55267,1.15851,0.96588,0.93939,0.98359,0.68028,1.03728,0.52235,1.216,0.0016832,0.0016832,0.0016832
26,593.364,0.88509,0.55326,1.17123,0.97664,0.89394,0.95275,0.69619,0.90467,0.57995,1.11563,0.00167,0.00167,0.00167
27,619.177,0.88517,0.55723,1.17205,0.96872,0.9386,0.97637,0.6537,1.10306,0.56919,1.24038,0.0016568,0.0016568,0.0016568
28,643.521,0.86172,0.53274,1.17256,0.95426,0.95455,0.982,0.7144,0.94576,0.50933,1.15528,0.0016436,0.0016436,0.0016436
29,666.248,0.88944,0.5639,1.16642,0.96091,0.95455,0.98472,0.68651,1.02021,0.5297,1.19036,0.0016304,0.0016304,0.0016304
30,689.065,0.84422,0.51833,1.14217,0.93685,0.9697,0.97975,0.75793,0.82429,0.45083,1.07149,0.0016172,0.0016172,0.0016172
31,712.199,0.87659,0.52445,1.15782,0.98245,0.94697,0.98363,0.75098,0.81449,0.44165,1.08575,0.001604,0.001604,0.001604
32,735.398,0.86979,0.51924,1.15957,0.9509,0.93182,0.97449,0.73925,0.81701,0.49543,1.07215,0.0015908,0.0015908,0.0015908
33,758.926,0.85864,0.51169,1.13333,0.98201,0.94697,0.99023,0.76107,0.81314,0.45175,1.06529,0.0015776,0.0015776,0.0015776
34,781.433,0.83734,0.49851,1.1423,0.98353,0.99242,0.99282,0.73108,0.92542,0.48085,1.13684,0.0015644,0.0015644,0.0015644
35,803.447,0.83667,0.50556,1.1348,0.95138,0.97727,0.9873,0.70327,0.94931,0.48536,1.18068,0.0015512,0.0015512,0.0015512
36,825.356,0.83343,0.50247,1.15305,0.9611,0.97727,0.98975,0.76135,0.80909,0.45139,1.0605,0.001538,0.001538,0.001538
37,848.641,0.82384,0.49496,1.12089,0.94149,0.97521,0.98554,0.64724,1.07888,0.51532,1.22594,0.0015248,0.0015248,0.0015248
38,873.981,0.83761,0.50781,1.14097,0.94636,0.95455,0.96047,0.69039,0.95103,0.50944,1.16928,0.0015116,0.0015116,0.0015116
39,899.153,0.83685,0.51584,1.13479,0.97617,0.93115,0.95295,0.64797,1.07689,0.54423,1.2223,0.0014984,0.0014984,0.0014984
40,922.231,0.80717,0.49379,1.12195,0.98185,0.95455,0.96746,0.72089,0.92604,0.50524,1.13754,0.0014852,0.0014852,0.0014852
41,943.992,0.84361,0.49626,1.13741,0.96939,0.95962,0.96634,0.7024,0.96772,0.50932,1.18231,0.001472,0.001472,0.001472
42,965.978,0.80635,0.48594,1.10411,0.95482,0.98485,0.97945,0.73704,0.85607,0.42658,1.12298,0.0014588,0.0014588,0.0014588
43,987.999,0.77617,0.46667,1.08724,0.97517,0.92424,0.98243,0.7665,0.81054,0.45597,1.06862,0.0014456,0.0014456,0.0014456
44,1010.18,0.79673,0.49129,1.10032,0.96972,0.9706,0.9905,0.7292,0.87643,0.45257,1.09146,0.0014324,0.0014324,0.0014324
45,1032.44,0.78663,0.47267,1.11538,0.95612,0.99054,0.9908,0.69361,1.00196,0.46338,1.21255,0.0014192,0.0014192,0.0014192
46,1054.64,0.80401,0.47732,1.10088,0.97708,0.96903,0.98851,0.70245,0.93827,0.47074,1.15025,0.001406,0.001406,0.001406
47,1078.5,0.76275,0.45718,1.08269,0.97289,0.96212,0.98858,0.72603,0.84009,0.45581,1.08873,0.0013928,0.0013928,0.0013928
48,1102.16,0.78966,0.48515,1.0968,0.9551,0.96696,0.98404,0.72086,0.89861,0.44377,1.13155,0.0013796,0.0013796,0.0013796
49,1124.55,0.76666,0.46173,1.09463,0.94245,0.99242,0.98767,0.76385,0.81558,0.41978,1.09442,0.0013664,0.0013664,0.0013664
50,1146.56,0.75082,0.45997,1.07657,0.94698,0.98485,0.98975,0.749,0.82021,0.413,1.09031,0.0013532,0.0013532,0.0013532
51,1168.64,0.7869,0.47636,1.08829,0.95643,1,0.99038,0.77586,0.81045,0.42661,1.07508,0.00134,0.00134,0.00134
52,1190.6,0.77307,0.4636,1.08142,0.96352,0.9697,0.99093,0.76586,0.80539,0.40572,1.08321,0.0013268,0.0013268,0.0013268
53,1212.51,0.7833,0.46392,1.07917,0.96896,0.94585,0.98183,0.75987,0.82096,0.4372,1.06467,0.0013136,0.0013136,0.0013136
54,1234.9,0.83271,0.48958,1.12447,0.97649,0.94418,0.98787,0.67648,1.12159,0.49411,1.27342,0.0013004,0.0013004,0.0013004
55,1257.12,0.74333,0.43709,1.07033,0.96713,0.99242,0.99172,0.72579,0.90693,0.4405,1.13981,0.0012872,0.0012872,0.0012872
56,1279.17,0.77214,0.46416,1.0881,0.9543,0.94912,0.95803,0.76049,0.74532,0.48489,1.04898,0.001274,0.001274,0.001274
57,1301.14,0.74582,0.45213,1.07329,0.95405,0.98485,0.98927,0.79917,0.72125,0.39032,1.02298,0.0012608,0.0012608,0.0012608
58,1323.77,0.72719,0.43895,1.07217,0.97739,0.98255,0.99205,0.72706,0.93897,0.4274,1.15194,0.0012476,0.0012476,0.0012476
59,1345.59,0.75572,0.45336,1.0724,0.9616,0.99242,0.99174,0.74862,0.88966,0.42139,1.13449,0.0012344,0.0012344,0.0012344
60,1367.4,0.73548,0.45201,1.07179,0.95609,0.98973,0.99056,0.77629,0.79038,0.41141,1.06522,0.0012212,0.0012212,0.0012212
61,1389.1,0.76418,0.45008,1.08296,0.98221,0.98485,0.99115,0.77515,0.80396,0.39782,1.08184,0.001208,0.001208,0.001208
62,1410.6,0.74962,0.43679,1.07914,0.95455,0.97727,0.99112,0.74708,0.87986,0.42011,1.13443,0.0011948,0.0011948,0.0011948
63,1432.28,0.72701,0.4295,1.06907,0.95595,0.98647,0.99018,0.73468,0.89759,0.41024,1.15499,0.0011816,0.0011816,0.0011816
64,1454.15,0.72526,0.43414,1.05476,0.97243,0.9697,0.99032,0.75873,0.82917,0.42138,1.12278,0.0011684,0.0011684,0.0011684
65,1476.11,0.74962,0.42382,1.06688,0.96886,0.9697,0.98687,0.74522,0.86312,0.42484,1.11029,0.0011552,0.0011552,0.0011552
66,1497.98,0.72545,0.4243,1.05458,0.97863,0.97727,0.99065,0.77912,0.78347,0.38193,1.09748,0.001142,0.001142,0.001142
67,1520,0.70966,0.42759,1.04142,0.96944,0.97727,0.99044,0.77948,0.78602,0.4053,1.07613,0.0011288,0.0011288,0.0011288
68,1541.89,0.71564,0.43423,1.04358,0.97831,0.9697,0.99038,0.74705,0.84082,0.41612,1.12669,0.0011156,0.0011156,0.0011156
69,1563.72,0.73475,0.42816,1.06844,0.96259,0.97457,0.9895,0.77587,0.77277,0.39307,1.08423,0.0011024,0.0011024,0.0011024
70,1585.33,0.70141,0.41068,1.04348,0.96447,0.97727,0.98885,0.72613,0.88172,0.39402,1.14494,0.0010892,0.0010892,0.0010892
71,1607.02,0.72364,0.42573,1.07219,0.96309,0.98852,0.99108,0.73028,0.86877,0.40797,1.14218,0.001076,0.001076,0.001076
72,1628.58,0.70669,0.41972,1.04213,0.96205,1,0.99103,0.75961,0.84268,0.38432,1.09509,0.0010628,0.0010628,0.0010628
73,1649.96,0.68763,0.40545,1.03337,0.97728,1,0.99153,0.77177,0.82564,0.36754,1.1002,0.0010496,0.0010496,0.0010496
74,1671.54,0.7134,0.41373,1.03951,0.97741,0.9835,0.99067,0.80311,0.70115,0.36289,1.02667,0.0010364,0.0010364,0.0010364
75,1693.74,0.70798,0.41601,1.04245,0.97007,0.98218,0.99062,0.71538,0.92546,0.41669,1.20916,0.0010232,0.0010232,0.0010232
76,1715.99,0.70434,0.40818,1.05123,0.96355,0.98485,0.9893,0.7468,0.89246,0.41343,1.156,0.00101,0.00101,0.00101
77,1738.36,0.69166,0.40942,1.02962,0.9701,0.98325,0.99062,0.76855,0.77284,0.37721,1.11008,0.0009968,0.0009968,0.0009968
78,1760.63,0.66357,0.39661,1.02158,0.9692,0.99242,0.99149,0.78472,0.76033,0.36974,1.06524,0.0009836,0.0009836,0.0009836
79,1782.5,0.70923,0.41465,1.04383,0.95651,0.99976,0.99108,0.79482,0.71642,0.3651,1.06466,0.0009704,0.0009704,0.0009704
80,1804.3,0.67487,0.39792,1.03177,0.96985,0.97469,0.9904,0.74952,0.83066,0.40214,1.19748,0.0009572,0.0009572,0.0009572
81,1826.07,0.69459,0.39191,1.0425,0.9703,0.99007,0.99283,0.79679,0.72127,0.35575,1.06314,0.000944,0.000944,0.000944
82,1847.68,0.65561,0.39485,1.02761,0.97743,0.98428,0.99091,0.80593,0.68436,0.34838,1.03524,0.0009308,0.0009308,0.0009308
83,1869.23,0.66158,0.39268,1.00383,0.97828,0.98485,0.99273,0.75042,0.84305,0.38334,1.11412,0.0009176,0.0009176,0.0009176
84,1890.66,0.68411,0.40216,1.02504,0.98505,0.99824,0.99258,0.77411,0.75041,0.35573,1.0676,0.0009044,0.0009044,0.0009044
85,1912.42,0.65122,0.39313,1.01254,0.96789,1,0.99322,0.74006,0.89115,0.38333,1.17913,0.0008912,0.0008912,0.0008912
86,1934.56,0.68184,0.39478,1.03007,0.96321,0.99171,0.99077,0.7607,0.79485,0.36866,1.11824,0.000878,0.000878,0.000878
87,1956.65,0.65882,0.39146,1.01383,0.97701,0.98485,0.99194,0.81351,0.67139,0.3481,1.02425,0.0008648,0.0008648,0.0008648
88,1978.35,0.65106,0.38049,1.01057,0.97776,0.99922,0.99316,0.79871,0.76078,0.35929,1.06281,0.0008516,0.0008516,0.0008516
89,1999.86,0.66704,0.39635,1.03776,0.97767,0.995,0.99267,0.83439,0.61201,0.3304,0.99024,0.0008384,0.0008384,0.0008384
90,2021.65,0.66782,0.38902,1.03901,0.97036,1,0.99001,0.80246,0.74253,0.36276,1.07671,0.0008252,0.0008252,0.0008252
91,2043.2,0.64927,0.38286,1.00984,0.96813,0.99242,0.99228,0.83907,0.61614,0.32785,0.97329,0.000812,0.000812,0.000812
92,2064.8,0.64296,0.37348,1.00359,0.97825,0.99242,0.9929,0.82462,0.63352,0.32788,0.99889,0.0007988,0.0007988,0.0007988
93,2086.32,0.63822,0.36792,1.00314,0.98494,0.99121,0.99285,0.8216,0.67096,0.33295,1.0107,0.0007856,0.0007856,0.0007856
94,2107.68,0.65261,0.39242,1.0143,0.97845,0.98485,0.99277,0.77591,0.75513,0.35548,1.10394,0.0007724,0.0007724,0.0007724
95,2129.59,0.66193,0.38912,1.02297,0.97483,0.98485,0.992,0.82633,0.63796,0.33858,0.98581,0.0007592,0.0007592,0.0007592
96,2151.33,0.62625,0.37719,0.9989,0.99247,0.99855,0.9941,0.8179,0.65651,0.32039,1.02277,0.000746,0.000746,0.000746
97,2172.94,0.65614,0.37996,1.00694,0.97582,0.99242,0.99355,0.82488,0.63993,0.32397,0.99913,0.0007328,0.0007328,0.0007328
98,2194.71,0.6203,0.36869,1.00376,0.97717,0.97727,0.99263,0.83159,0.62101,0.32216,1.00471,0.0007196,0.0007196,0.0007196
99,2217.31,0.61836,0.36483,0.99789,0.95399,1,0.99311,0.81092,0.70524,0.32776,1.02289,0.0007064,0.0007064,0.0007064
100,2240.78,0.63742,0.37805,1.02386,0.98282,0.98485,0.99299,0.80381,0.68053,0.34562,1.06099,0.0006932,0.0006932,0.0006932
101,2265.15,0.61927,0.35469,0.99137,0.97638,1,0.99354,0.80786,0.71144,0.32245,1.04777,0.00068,0.00068,0.00068
102,2288.21,0.6155,0.35698,0.99423,0.99247,0.99853,0.99357,0.84217,0.6099,0.30822,0.99161,0.0006668,0.0006668,0.0006668
103,2310.24,0.62379,0.36528,0.9896,0.97776,0.99901,0.99355,0.83745,0.6328,0.30939,0.99341,0.0006536,0.0006536,0.0006536
104,2332.4,0.61309,0.35235,1.00649,0.98507,0.99943,0.99316,0.81338,0.69018,0.32582,1.04321,0.0006404,0.0006404,0.0006404
105,2354.48,0.62606,0.36216,0.99821,0.9692,1,0.99333,0.83823,0.60131,0.30695,0.96866,0.0006272,0.0006272,0.0006272
106,2376.32,0.61122,0.35937,0.99197,0.99242,0.99145,0.99341,0.83994,0.60986,0.3023,0.97946,0.000614,0.000614,0.000614
107,2398.47,0.61422,0.36272,0.98616,0.98505,0.99831,0.99371,0.83827,0.61031,0.30186,0.96478,0.0006008,0.0006008,0.0006008
108,2420.33,0.6042,0.36171,0.9864,0.98277,1,0.99347,0.85021,0.57278,0.29609,0.961,0.0005876,0.0005876,0.0005876
109,2442.15,0.61286,0.36219,0.99466,0.99235,0.9829,0.99318,0.84985,0.60819,0.30614,0.97569,0.0005744,0.0005744,0.0005744
110,2464.12,0.61026,0.3522,0.9836,0.96932,1,0.99236,0.85276,0.59154,0.30665,0.98348,0.0005612,0.0005612,0.0005612
111,2486.46,0.6123,0.35085,0.99101,0.98484,0.98425,0.99203,0.85364,0.59942,0.30715,0.96411,0.000548,0.000548,0.000548
112,2508.7,0.5999,0.34828,0.99168,0.98446,0.98485,0.99306,0.83472,0.61926,0.31068,1.00615,0.0005348,0.0005348,0.0005348
113,2531.06,0.59514,0.34784,0.99366,0.98355,0.99242,0.99337,0.84498,0.59398,0.30449,0.99437,0.0005216,0.0005216,0.0005216
114,2553.69,0.59308,0.34339,0.98103,0.9838,1,0.99385,0.83521,0.65518,0.30876,1.0271,0.0005084,0.0005084,0.0005084
115,2579.4,0.6134,0.36323,0.98788,0.99241,0.99027,0.99318,0.85408,0.58913,0.30505,0.97845,0.0004952,0.0004952,0.0004952
116,2603.38,0.59511,0.34648,0.97796,0.97758,0.99077,0.99266,0.82992,0.652,0.3222,1.00743,0.000482,0.000482,0.000482
117,2626.72,0.58537,0.34065,0.97813,0.99242,0.99206,0.99386,0.85759,0.55183,0.28611,0.96231,0.0004688,0.0004688,0.0004688
118,2649.22,0.5713,0.34226,0.97145,0.99247,0.99867,0.9941,0.85766,0.5734,0.29754,0.97164,0.0004556,0.0004556,0.0004556
119,2671.6,0.57504,0.33286,0.97934,0.99246,0.99674,0.99387,0.84935,0.60263,0.30109,1.00083,0.0004424,0.0004424,0.0004424
120,2693.64,0.61694,0.34387,1.00212,0.98431,0.99242,0.9934,0.85035,0.5844,0.28739,0.99828,0.0004292,0.0004292,0.0004292
121,2715.79,0.5819,0.33694,0.98039,0.98396,0.99242,0.99338,0.85562,0.56236,0.28635,0.97784,0.000416,0.000416,0.000416
122,2737.83,0.5688,0.33613,0.96165,0.98489,0.98785,0.99339,0.85004,0.57351,0.28816,0.96937,0.0004028,0.0004028,0.0004028
123,2759.71,0.58798,0.34188,0.97353,0.98484,0.98449,0.99292,0.84926,0.59097,0.29869,0.99653,0.0003896,0.0003896,0.0003896
124,2781.58,0.57935,0.33644,0.97448,0.97597,0.98485,0.99204,0.86417,0.55414,0.2926,0.96141,0.0003764,0.0003764,0.0003764
125,2803.62,0.56797,0.32271,0.95492,0.97771,0.9967,0.99339,0.84569,0.57261,0.29159,0.98756,0.0003632,0.0003632,0.0003632
126,2825.37,0.57053,0.33547,0.97251,0.98368,0.98485,0.99283,0.85255,0.57184,0.29926,0.9822,0.00035,0.00035,0.00035
127,2847.17,0.57835,0.32406,0.96966,0.98408,0.97727,0.99294,0.8475,0.56743,0.29369,0.97164,0.0003368,0.0003368,0.0003368
128,2870.51,0.58387,0.33267,0.98259,0.96289,1,0.99323,0.86702,0.52196,0.28349,0.95197,0.0003236,0.0003236,0.0003236
129,2895.19,0.58373,0.33268,0.97894,0.9821,1,0.99377,0.86333,0.53823,0.27836,0.9597,0.0003104,0.0003104,0.0003104
130,2917.74,0.58205,0.31642,0.97154,0.98436,1,0.99371,0.85493,0.57092,0.27973,0.97314,0.0002972,0.0002972,0.0002972
131,2941.3,0.55601,0.32096,0.95857,0.99242,0.99221,0.99364,0.8371,0.61273,0.29103,1.00297,0.000284,0.000284,0.000284
132,2966.02,0.54544,0.32204,0.95536,0.99241,0.99075,0.99326,0.84719,0.59539,0.29203,0.98839,0.0002708,0.0002708,0.0002708
133,2990.52,0.54516,0.31101,0.95982,0.99215,0.99242,0.99295,0.85396,0.5786,0.28207,0.98123,0.0002576,0.0002576,0.0002576
134,3013.85,0.56665,0.31927,0.9732,0.99247,0.999,0.99289,0.85956,0.558,0.2762,0.98814,0.0002444,0.0002444,0.0002444
135,3036.03,0.55253,0.31209,0.9603,0.9841,0.99242,0.99291,0.86344,0.55195,0.26834,0.98234,0.0002312,0.0002312,0.0002312
136,3058.02,0.54359,0.31432,0.95303,0.98741,0.98485,0.9934,0.85815,0.54909,0.2765,0.96848,0.000218,0.000218,0.000218
137,3079.75,0.56702,0.31906,0.96841,0.98441,0.99242,0.99341,0.87097,0.53279,0.26905,0.96625,0.0002048,0.0002048,0.0002048
138,3102.66,0.54892,0.31615,0.96182,0.98505,0.99818,0.99363,0.86095,0.56933,0.27303,0.97224,0.0001916,0.0001916,0.0001916
139,3126.48,0.53836,0.31348,0.94944,0.97773,0.99774,0.99325,0.87737,0.50002,0.25925,0.94208,0.0001784,0.0001784,0.0001784
140,3150.08,0.55673,0.31164,0.96673,0.96936,1,0.99331,0.85974,0.54833,0.27326,0.9569,0.0001652,0.0001652,0.0001652
141,3185.09,0.50023,0.26648,0.94044,0.97774,0.99814,0.9929,0.8704,0.54503,0.27151,0.94777,0.000152,0.000152,0.000152
142,3208.28,0.5299,0.28185,0.94871,0.97771,0.99669,0.99274,0.86178,0.53807,0.27131,0.95389,0.0001388,0.0001388,0.0001388
143,3231.7,0.50657,0.26877,0.94155,0.98273,1,0.99299,0.86363,0.55326,0.27716,0.9556,0.0001256,0.0001256,0.0001256
144,3255.12,0.51171,0.26705,0.94278,0.98504,0.99777,0.99315,0.86342,0.54873,0.28049,0.95634,0.0001124,0.0001124,0.0001124
145,3278.39,0.51126,0.26881,0.93936,0.9832,0.98485,0.99299,0.86277,0.52839,0.2745,0.94622,9.92e-05,9.92e-05,9.92e-05
146,3301.71,0.5181,0.2656,0.94282,0.98484,0.984,0.99291,0.86368,0.52869,0.27141,0.95098,8.6e-05,8.6e-05,8.6e-05
147,3325.48,0.51972,0.2704,0.96096,0.98484,0.984,0.9929,0.87028,0.51736,0.27064,0.94261,7.28e-05,7.28e-05,7.28e-05
148,3349.4,0.50682,0.26786,0.94309,0.97772,0.99739,0.99306,0.86888,0.53917,0.27051,0.9474,5.96e-05,5.96e-05,5.96e-05
149,3371.99,0.48617,0.25828,0.92942,0.97772,0.99735,0.99298,0.86715,0.52422,0.26807,0.93882,4.64e-05,4.64e-05,4.64e-05
150,3394.54,0.49453,0.26148,0.93322,0.98492,0.98964,0.99314,0.86314,0.52824,0.27127,0.94376,3.32e-05,3.32e-05,3.32e-05
